<?xml version="1.0" encoding="UTF-8"?>
<project-private xmlns="http://www.netbeans.org/ns/project-private/1">
    <editor-bookmarks xmlns="http://www.netbeans.org/ns/editor-bookmarks/2" lastBookmarkId="0"/>
    <open-files xmlns="http://www.netbeans.org/ns/projectui-open-files/2">
        <group>
            <file>file:/T:/Repositorios/concurrente/implementacion/estacionamiento/src/monitor/Hilo.java</file>
            <file>file:/T:/Repositorios/concurrente/implementacion/estacionamiento/src/Main.java</file>
            <file>file:/T:/Repositorios/concurrente/implementacion/estacionamiento/src/archivos/Archivos.java</file>
            <file>file:/T:/Repositorios/concurrente/implementacion/estacionamiento/src/monitor/Politicas.java</file>
            <file>file:/T:/Repositorios/concurrente/implementacion/estacionamiento/src/monitor/RedDePetri.java</file>
            <file>file:/T:/Repositorios/concurrente/implementacion/estacionamiento/src/monitor/Monitor.java</file>
            <file>file:/T:/Repositorios/concurrente/implementacion/estacionamiento/src/monitor/Tiempos.java</file>
        </group>
    </open-files>
</project-private>
